answers_ids,worker_ids,relevance,correctness,completeness,comprehensiveness,conciseness,serendipity,coherence,factuality,fairness,readability,satisfaction,usefulness,conversational_frequency,voice_frequency,source_usefulness,warning_usefulness,confidence_usefulness,source_usefulness_explanation,warning_usefulness_explanation,confidence_usefulness_explanation,,single source/only 3 sentences,more informed interaction,limited confidence scores,understanding constraints/realizing limitations,encouraging critical evaluation,transparency,presentation mode,age,gender,education,presentation_modes,response_quality,additional_info_quality
EC1,A1PR0PSNNM1WTX,4.0,3.6,3.3,3.7,3.8,2.8,3.6,3.6,3.5,3.8,3.6,3.7,1,1,4,4,4,Provided responses are good and well written.,The assistant help me realize the potential limitations of the responses.,Assistant's confidence in the provided responses is very aware.,,,,,x,,,,option_1,option_2,option_3,V,Good,Good
EC1,A1SGTL6LGLW4DK,3.2,3.3,3.3,3.4,3.1,3.3,3.3,3.4,3.2,3.2,3.3,3.6,4,3,4,3,4,"to assist with any inquiries, learning, and comprehension of the inquiry. Every subject employed in the generation and required of children",really beneficial and supportive of reliable. It's very helpful to assistant and very interesting topic.,"helper to a great degree of confidence, all inquiries needed in the setting. It's very trustable and important information.",,,,,,,,,option_2,option_2,option_3,V,Good,Good
EC1,A1ANL7V5RBDWPP,3.7,3.9,3.3,3.6,3.5,3.5,3.4,3.6,3.7,3.5,3.5,3.7,3,1,4,3,4,CLEAR CUT INFORMATION GIVEN BY AI,PROPER INFORMATION PROVIDED BY AI,HIGH EXTENT AWARENESS GIVEN BY AI,,,,,,,,,option_2,option_1,option_3,V,Good,Good
EC1,A2BL9RQZ9Z609E,3.9,3.8,3.4,3.3,3.8,3.4,3.5,3.5,3.3,3.9,3.6,3.4,3,1,4,4,4,AI GIVEN CLEAR CUT INFORMATION ABOUT THE CONTENT,IT IS PROVIDE PROPER FACTS TO CHOOSE THE OPTIONS,HIGH AWAERENESS GIVEN BY AI TO KNOW THE CONCEPT CLARITY,,,,,,,,,option_2,option_1,option_3,V,Good,Good
EC1,A1C57DJF1HCR3Q,3.9,3.7,3.4,3.6,4.0,1.6,4.0,3.4,3.5,4.0,3.7,3.8,4,4,1,1,4,There is no information as to where the answers came from,There is no information that the answers are not complete or need fact checking,There was a bar graph that showed the confidence level,no source found even though it is provided,,,,,,,,option_2,option_2,option_2,V,Good,Good
EC1,AKQ7BGNTA81S6,3.1,3.6,3.0,2.7,2.6,3.3,3.2,2.8,2.5,3.1,2.9,4.0,2,2,4,3,4,Those response made me well being to answer and made me to give great response.,Some how managing my assistant limitation of response and potential based answer.,Those aware of answer were given based on my knowledge.,,,,,,,,,option_2,option_2,option_3,V,Good,Good
EC1,A2WNW8A4MOR7T7,3.8,3.8,3.0,3.3,4.0,2.4,3.9,3.6,3.6,3.9,3.8,3.8,2,3,3,2,3,seemed to know the answers well and gave good responses,did not seem to be limited in the knowledge and putting it together,it showed up in the little graph that was not hard to miss,,,,,,,,,option_3,option_1,option_2,V,Good,Good
EC1,A1HQGU5SA9UORE,3.8,3.5,3.6,3.6,3.5,3.5,3.6,3.8,3.4,3.8,3.4,2.9,1,1,3,3,4,The provide response is true,assistant help me somewhat,I am aware that assistant's answer is moderately right,,,,,,,,,option_1,option_2,option_3,V,Good,Good
EC1,A1K7FKUQ1EHVAZ,3.1,3.4,3.1,3.1,2.7,3.3,3.3,3.1,2.8,2.9,3.2,4.0,1,2,3,3,4,Those response made me well being to answer and made me to give great response.,some how managing my assistant limitation of response and potential based answer.,those aware of answer were given based on my knowledge.,,,,,,,,,option_2,option_1,option_3,V,Good,Good
EC1,A8CD2WIF5DT1J,3.3,3.4,3.2,2.7,2.7,3.1,3.3,2.9,2.6,3.2,2.9,3.1,2,3,3,3,3,this is my guess only,gave the more informations,i understand some only,,,,,,,,,option_1,option_1,option_3,V,Good,Good
EC1,A3IPZNLB5QYBAH,3.6,3.0,3.5,3.3,3.3,3.4,3.2,3.2,3.6,3.3,3.4,3.4,2,1,4,3,3,topic related responses,AI help me to realize theory,Some extent i understand,,,,,,,,,option_2,option_1,option_3,V,Good,Good
EC1,A321LGD46B3M9Y,3.9,3.0,2.5,3.2,3.5,1.9,3.2,3.2,3.0,3.6,2.8,2.8,5,5,3,2,4,"I think the assistant did a good job presenting facts and numbers. However, sometimes I could not determine where it got its information from.","I didn't feel that the assistant presented any limitations. I do think it can contain biases, though.",The level of confidence tells me that the assistant may not have been able to give a complete or accurate answer.,no source found even though it is provided,,,,x,,,,option_3,option_2,option_3,V,Good,Good
EC1,A2VE5IV9OD2SK1,3.9,3.6,2.7,3.0,3.7,2.8,4.0,3.9,3.5,3.4,3.5,3.7,3,4,3,3,2,"The all had a citation, but only one, and sometimes more perspectives were called for.","I suppose there are some questions which no one at all can answer--questions about the future, for example--so the assistant can only address the issue broadly.","I noticed the bars, but I wasn't sure how the assistant was coming up with its confidence level.",no understanding of confidence score origin,x,,,,,,,option_3,option_1,option_3,V,Good,Good
EC1,A2Q8AZVOGJYFDC,3.9,3.8,3.6,3.7,3.5,3.4,3.8,3.9,3.9,3.9,3.9,3.8,1,1,4,4,4,more,good,good,,,,,,,,,option_1,option_2,option_3,V,Good,Good
EC1,A3LVLZS8S41ZD7,3.9,3.3,2.8,3.5,3.5,1.7,3.7,3.1,3.4,3.2,2.8,3.1,3,5,3,2,4,Many of the responses were based on concepts that are factual or have already been observed.  The assistant was also free from bias even though many of the questions discuss personal or political beliefs.,The main limitation I realized was that the assistant was limited to 3 sentences.  I think some of the responses would have been better if they had been slightly more detailed.,The assistant listed its confidence on a 1 to 5 bar scale below each response.  This made me very aware of the assistant's confidence in its responses.,,x,,,,,,,option_3,option_2,option_3,V,Good,Good
EC1,A24APGD3ZKM9UP,2.9,2.5,2.8,2.8,2.5,2.7,2.9,2.5,3.0,3.3,2.9,3.0,3,1,3,4,4,its useful,it is easily understandable,gained enough information,,,,,,,,,option_2,option_1,option_3,V,Good,Good
EC10,A298RXC8I5CMFC,4.0,4.0,4.0,4.0,4.0,4.0,4.0,4.0,4.0,4.0,4.0,4.0,4,1,4,4,4,well support of assistant,very useful,very aware of assistant,,,,,,,,,option_2,option_1,option_5,None,Flawed,None
EC10,A1HX1XPOXIBQIF,3.8,3.3,3.1,3.4,3.4,3.1,3.1,3.2,2.9,3.2,3.4,3.4,1,1,4,4,4,very supporting,very usefull,very aware,,,,,,,,,option_3,option_2,option_4,None,Flawed,None
EC10,A3KLKRRW2V47EE,4.0,3.6,3.2,3.9,3.1,3.1,3.7,3.4,3.3,3.4,4.0,4.0,4,1,4,4,4,Well supported,Large extent,Very aware,,,,,,,,,option_3,option_1,option_3,None,Flawed,None
EC10,A2FBT0BSFOV91D,4.0,3.9,2.8,3.5,3.7,2.0,3.6,3.8,3.4,4.0,4.0,4.0,4,2,4,4,3,Each statement provided either some concrete example or logical information that supported the answers.,Some of the answers sounded limited and pre-programmed and clearly needed more detailed explanations related to fully examine a topic.,"While the assistant always appeared to be confident, it is impossible to really known the full confidence level and the extend of its capabilities.",no understanding of confidence score origin,,,x,,,,,option_2,option_2,option_3,None,Flawed,None
EC10,ANLXKHVWIYJJ,3.7,3.5,3.6,3.2,3.3,2.9,3.5,3.5,3.6,3.4,3.5,3.3,2,1,4,3,4,Mybe I am not sure because thats answer its provide by a assistance.,Because The provide answer its overall correct for the Statement.,Because that's a ai information give to some.,,,,,,,,,option_1,option_2,option_3,None,Flawed,None
EC10,A34ZJFQ9UCP1CR,3.6,3.6,1.8,1.9,3.6,2.7,3.5,3.7,3.3,3.4,3.8,3.7,1,2,4,4,3,"Responses generally relied on well-known facts and concepts but lacked in-depth analysis, detailed evidence, or consideration of alternative viewpoints.","Highlighted lack of depth, diverse perspectives, and consideration of potential biases in responses.",The assistence got information with proof and its information are highlighly valuable,,,,,,,,,option_1,option_2,option_3,None,Flawed,None
EC10,AU849EHZNGV2Z,3.7,3.2,2.4,3.1,4.0,2.1,3.9,3.6,3.2,4.0,3.2,3.4,2,4,3,3,3,The responses generally seemed supported by the information that was given.,I realized that sometimes the responses could have been more detailed to fully answer each question.,The wording of the responses indicated a general confidence in the answers.,,,,,,,,,option_2,option_1,option_2,None,Flawed,None
EC10,A2QXG8VJRBZ2Z3,4.0,2.9,2.6,2.9,3.2,3.2,3.3,3.4,2.9,3.2,3.1,3.1,4,1,4,4,3,very supportive,very useful,very aware,,,,,,,,,option_3,option_1,option_3,None,Flawed,None
EC10,A33LWNBC9GCO0D,2.8,2.3,2.9,2.5,2.4,2.7,2.5,2.4,2.7,2.8,2.7,2.5,1,1,3,3,3,its too use full information,its too use full information,its too use full information,,,,,,,,,option_3,option_1,option_4,None,Flawed,None
EC10,A2N7QO47NCI7XZ,4.0,3.1,3.1,3.0,3.2,3.1,3.3,3.0,3.2,3.1,3.3,2.8,4,2,3,3,4,very supportive,very useful,Very aware,,,,,,,,,option_3,option_2,option_3,None,Flawed,None
EC10,AKKB1FUY9KSAT,3.0,3.2,2.9,3.0,2.6,2.7,2.7,3.2,3.2,3.1,3.3,3.3,4,2,4,2,1,"The assistant provided detailed and relevant responses to the user's queries, demonstrating a good understanding of the topics and offering helpful information.","The assistant did not proactively highlight potential limitations in a positive way, missing an opportunity to promote critical thinking about the information provided.","The assistant doesn't provide explicit indicators of confidence or uncertainty in its, responses, making it challenging to gauge the reliability of the information.",lack of info about limitations and confidence,,,,,,,,option_1,option_1,option_3,None,Flawed,None
EC10,A2S64AUN7JI7ZS,4.0,3.9,3.3,4.0,4.0,4.0,4.0,3.8,3.9,4.0,4.0,4.0,2,2,3,2,3,"Most answers were very well supported, some seemed to leave information out.","Other than not providing every side and extreme detail, I didn't feel it was too limited.","There were no qualifying statements like ""I think"" or ""I believe"", it stated it's answers confidently as if they were facts.",lack of info about confidence,,,,,,,,option_3,option_1,option_2,None,Flawed,None
EC10,A293FPBBTTTK1K,3.7,3.3,3.5,3.6,3.3,3.3,3.7,3.2,3.2,3.3,3.3,3.2,4,2,4,4,4,GOOD INTRACTION,WELL SUPPORTED AND ACURE BETTER KNOWLEDGE,GOOD RESPONSES IN THE SIDE OF ASSISTANCE AND WELL SUPPORTED ALSO,,,,,,,,,option_1,option_1,option_3,None,Flawed,None
EC10,A20OEK6BVW13NV,3.8,3.1,3.7,3.7,3.3,3.4,3.3,3.7,3.4,3.3,3.7,3.5,2,2,4,3,4,My response is really sincere and essential to everyone.,This survey is really helpful and relevant to the present generation.,"This survey is quite helpful and beneficial, assistant. This helper is incredibly reliable and honest",,,,,,,,,option_2,option_1,option_3,None,Flawed,None
EC10,AV3P3TG7J71CA,2.7,2.6,2.4,2.7,2.6,2.6,2.5,2.6,2.5,2.6,2.4,2.7,3,3,3,3,3,Good response from the assistant,t supported very well,I'm not fully trusted this assistant,,,,,,,,,option_1,option_2,option_3,None,Flawed,None
EC10,A1TCEZUXOY30BJ,3.9,3.5,3.3,3.8,3.7,3.7,3.5,3.7,3.7,3.7,3.4,3.6,1,2,3,3,3,good supporters,some extent,good knowledge,,,,,,,,,option_2,option_1,option_3,None,Flawed,None
EC2,A2SKY317RZ3NCS,3.1,3.2,2.7,3.0,2.9,3.5,3.2,3.5,2.8,3.6,2.9,3.4,1,1,3,4,3,na,na,na,,,,,,,,,option_2,option_1,option_4,T,Good,Good
EC2,A31IN8PSMP8KXI,2.8,2.6,3.6,2.9,2.5,3.4,3.1,2.9,3.3,2.9,2.6,2.9,1,4,3,3,2,there is missing data that the researcher has to deal with.,"By differentiating these roles, we can set the context and direct the conversation efficiently","My initiative, along with my ability to work well under pressure",,,,,,,,,option_3,option_2,option_4,T,Good,Good
EC2,A2PR7FI9TP8XLD,3.1,4.0,3.1,3.7,3.5,1.8,3.3,3.5,3.7,3.6,3.7,3.7,1,4,4,4,4,The responses provided by the assistant were generally accurate and aligned with the information and context of the questions. They effectively addressed the queries with relevant details and information.,"The assistant, at times, acknowledged when information might be speculative or less certain. It indicated confidence levels, which helped in understanding the reliability of the responses. This awareness of potential limitations was valuable.","The assistant consistently communicated its confidence level in the responses, allowing me to gauge the reliability of the information presented. This transparency was beneficial in assessing the accuracy and trustworthiness of the provided content.",,,,,x,,x,,option_2,option_1,option_3,T,Good,Good
EC2,AS2O1C3D20Y8H,3.0,3.9,3.1,3.0,3.7,3.2,2.8,3.7,3.2,3.2,3.6,3.1,3,3,4,3,3,its contain detail information,The potential limitation its good information provided,its confident responses very satisfied,,,,,,,,,option_1,option_2,option_3,T,Good,Good
EC2,A18NQXH9AIU25A,3.7,3.4,3.5,3.5,3.7,3.4,3.4,3.6,3.3,3.7,3.6,3.3,1,2,3,3,3,moderately supported AI,AI helps to some what extent,much aware about topic,,,,,,,,,option_2,option_1,option_3,T,Good,Good
EC2,A2QMERLPIBQLCS,3.0,3.0,3.0,3.0,3.0,3.0,3.0,3.0,3.0,3.0,3.0,3.0,2,2,4,4,3,"The responses were considered ""well supported"" based on the system's confidence levels associated with the information provided. In the context of each question or statement, the system expressed a degree of confidence in the accuracy of its responses.","confidence levels is a way for the assistant to convey to users that, while it strives to provide accurate and relevant information, there are instances where the certainty is limited.","I am aware of the assistant's confidence in the provided responses because the system explicitly mentions confidence levels associated with each response. The confidence levels, expressed as percentages (e.g., 20%, 40%), provide an indication of the system's estimate of the accuracy or reliability of the information being presented.",,,,,,,,,option_1,option_2,option_3,T,Good,Good
EC2,A2EWDRT2QA7ZFV,4.0,4.0,3.7,4.0,3.6,2.3,3.7,4.0,3.7,4.0,4.0,4.0,4,3,4,4,4,There are specific aspects or features of the responses that found particularly helpful or accurate.,"In several responses, the assistant encouraged to verify critical information from authoritative sources. This proactive stance reinforces the idea should independently verify important details, promoting a cautious approach.",Providing access to the confidence levels provided by the assistant for each response help to aware.,,,,,,x,,,option_1,option_1,option_3,T,Good,Good
EC2,A2YG6Q89XED1BC,3.2,2.2,2.8,3.1,3.2,2.9,2.5,2.9,2.7,2.4,2.8,2.9,3,3,4,3,3,the source can help us to know the potential limits,strongly support that because help me to find the right solutions,assistants confidence level was amazing the level push us to make decision,,,,,x,,,,option_2,option_1,option_3,T,Good,Good
EC2,A17FWKGMA41VQH,4.0,3.3,3.8,3.5,3.1,3.8,3.2,3.5,3.4,3.5,3.9,3.6,4,1,4,4,4,Well supported,Large extent,Very aware,,,,,,,,,option_3,option_1,option_3,T,Good,Good
EC2,AQKRSW854ATWI,3.0,2.5,3.1,2.8,1.6,1.4,1.8,3.4,3.5,3.2,3.3,3.4,3,3,4,2,3,"The responses provided by the assistant were generally well supported. The information given was accurate, relevant, and aligned with the context of the questions asked. The assistant showed a good understanding of various topics and provided helpful explanations and suggestions.",nothing,Users should evaluate the information I provide and use their judgment or seek additional sources when necessary,,,,,,,,,option_3,option_1,option_4,T,Good,Good
EC2,A1ARWNTZHGFG8Y,3.4,3.5,2.9,3.0,3.0,3.3,2.7,3.7,3.2,3.4,3.3,3.4,4,2,4,3,4,"yes, the provided supported is very well.",Yes the extent help is very well.,The confidence level is good and information is good.,,,,,,,,,option_2,option_1,option_3,T,Good,Good
EC2,A1WJUAJUSFUQYR,3.2,3.8,3.5,3.4,2.5,2.4,2.5,3.2,2.9,3.8,3.9,3.5,1,2,4,4,4,assistant providing truthful and trustworthy information  that helps to make decision,getting detailed information stratifying to answer accurately,assistant providing truthful answers to the given question,,,,,,,,,option_2,option_1,option_3,T,Good,Good
EC2,A3J2XFG2QZQJA,3.9,3.5,3.4,3.8,3.4,3.5,3.4,3.5,3.4,3.7,3.5,3.5,3,3,4,3,4,Given proper information,some what extended,clear information given by AI,,,,,,,,,option_2,option_1,option_3,T,Good,Good
EC2,A2HGUSY5LJ43D3,3.2,3.7,3.8,3.5,3.4,3.6,3.6,3.4,3.5,3.6,3.6,3.5,4,2,3,4,4,"The responses were supported by relevant and accurate information, addressing the questions adequately.","The assistant acknowledged potential limitations by providing brief responses within a three-sentence limit. While informative, more detailed information could be beneficial in some cases.","The assistant consistently included confidence levels for each response, making me aware of the system's certainty regarding the information provided.",,x,,,x,,,,option_2,option_2,option_3,T,Good,Good
EC2,A137V1J5GNNZTH,3.9,3.2,3.2,3.9,3.0,3.0,3.9,3.1,3.0,3.6,3.1,3.1,1,1,4,4,4,"the responses were well-supported, providing revelant information",to a large extent did the assistant help you realize the  potential limitations of the responses by acknowledging the of commercial interests and including the system confidence in the information,the assistant significantly contributed to my awareness of potential contributed acknowledging the influence of commercial interests,,,,,,,,,option_3,option_1,option_4,T,Good,Good
EC2,A3KI0DBOGJA4VV,3.6,3.5,2.9,3.3,3.6,2.6,3.9,3.4,3.6,3.9,3.4,3.6,3,4,3,3,4,"They provided sources, but in many instances, the question was very deep, meaning just one or two websites might not accurately provide information to answer the question.","It showed that it provided some research, but, I would take the answers with a grain of salt, as I understand more research would be required to gain a full understanding of some of the questions.","I understand it provided what it believed to be it's confidence in the answer, but knowing what that number is based on would be helpful.",no understanding of confidence score origin,x,,,,,,,option_3,option_1,option_4,T,Good,Good
EC3,A2O1LM9YYKEEFY,3.4,3.2,3.6,3.5,3.7,3.4,3.1,3.5,3.4,3.3,3.7,3.4,3,1,4,4,4,AI GIVEN CLEAR CUT INFORMATION IN HIGH ACCURACY,GIVEN PRPER INFORMATION PROVIDE BY AI,GOOD DEGREE OF AWARENESS  PROVIDED,,,,,,,,,option_2,option_1,option_3,V,Flawed,Good
EC3,A107UPWGLFTOH6,3.1,3.1,3.1,3.1,3.1,3.1,3.1,3.1,3.1,3.1,3.1,3.1,3,2,4,4,3,"The responses were considered ""well supported"" based on the system's confidence levels associated with the information provided. In the context of each question or statement, the system expressed a degree of confidence in the accuracy of its responses. The term ""well supported"" indicates a moderate to high level of confidence in the information's correctness, but it doesn't imply absolute certainty.","This practice helps users understand the potential limitations of the responses and encourages them to exercise critical thinking, especially in situations where the information may be more complex or subject to interpretation.",This transparency in indicating confidence levels allows users to gauge the system's certainty in the provided responses.,,,,,x,x,x,,option_1,option_1,option_3,V,Flawed,Good
EC3,A13RUH2ANDZJSF,4.0,4.0,4.0,4.0,3.4,4.0,3.4,4.0,4.0,4.0,4.0,4.0,5,1,4,4,4,very support for all source,very helpfull,very aware of the source,,,,,,,,,option_2,option_1,option_4,V,Flawed,Good
EC3,A22QPDT3M2V3YK,3.2,3.0,3.3,2.9,3.2,3.2,2.7,2.9,3.0,3.3,3.3,3.4,1,1,4,3,4,That is naturally,categorizing your strengths can help you understand your strongest areas more clearly,while getting things done in the most efficient way possible,,,,,,,,,option_2,option_1,option_3,V,Flawed,Good
EC3,A24QPBC5B055SO,3.3,3.5,3.5,3.5,3.5,3.5,3.5,3.4,3.5,3.5,3.5,3.5,4,2,4,3,3,It gives a very clear information that I do not know. It makes my work very easy.,The assistant gives a entire information in the link. It helps me a lot.,It gives a very accurate information.,,,,,,,,,option_3,option_2,option_3,V,Flawed,Good
EC3,AQTZUGKIAUNTL,2.8,3.8,3.0,3.6,3.2,3.6,3.1,3.6,3.1,3.7,3.3,3.6,1,1,4,4,4,na,na,na,,,,,,,,,option_2,option_2,option_4,V,Flawed,Good
EC3,AX8D3L76H0JR7,3.6,2.9,3.1,3.0,2.7,2.9,3.3,2.9,2.7,3.2,3.3,3.4,1,2,4,3,4,"The information provided was generally accurate, detailed, and aligned with known facts, contributing to a satisfactory completion of the tasks. While there were some instances where the assistant acknowledged potential limitations or subjective elements, it maintained a generally informative and helpful stance throughout the interactions.","stating that the answers were based on subjective text originating from blogs or comments and might contain factual errors, it did not consistently address the possibility of incomplete information or provide a comprehensive overview of the topics. There were instances where the complexity of the topics was acknowledged, but a more explicit discussion of potential limitations or diverse perspectives could have been beneficial for a fuller understanding.","the information was based on known facts, subjective text from blogs or comments, or if the answer might be incomplete. This transparency in expressing confidence levels helped in assessing the reliability of the information and understanding the context in which the responses were generated. The clear communication of confidence levels enhanced the user's awareness of the reliability and potential limitations of the information provided.",lack of explanaition for limitations,,,,x,,x,,option_1,option_2,option_3,V,Flawed,Good
EC3,AJPB9XHN9HI8I,3.6,3.4,2.8,2.7,2.6,3.1,2.8,2.8,2.8,3.1,3.5,2.9,1,2,4,4,4,It's very useful,very helpfull,this is very useful,,,,,,,,,option_1,option_2,option_3,V,Flawed,Good
EC3,A1O71XNV203T5P,3.0,2.0,3.0,3.0,2.7,2.6,2.5,2.9,3.1,3.0,2.7,3.2,4,3,3,3,3,GOOD,GOOD,GOOD,,,,,,,,,option_3,option_2,option_4,V,Flawed,Good
EC3,A2IQ0QCTQ3KWLT,3.9,3.7,3.3,3.5,3.9,1.9,3.7,3.6,3.5,3.9,3.5,3.8,2,3,4,3,4,"I knew some of the topics and it was accurate. On the ones I did not know, it came across accurate and I felt like it was a trustworthy source","I was not noticing anything limited, it was detailed enough to make me feel I was informed",the image with the scale showed that it was confident or not,,,,,,,,,option_3,option_2,option_2,V,Flawed,Good
EC3,AQPFTUIJ0PW2N,3.8,3.2,3.5,3.4,3.1,3.5,3.2,3.6,3.4,2.8,3.4,3.7,1,3,4,3,4,those response made me well being to answer and made me to give great response,some how managing my assistant limitation of response and potential based answer,those aware of answer were given based on my knowledge,,,,,,,,,option_2,option_1,option_3,V,Flawed,Good
EC3,A2EI075XZT9Y2S,3.8,3.5,2.0,3.5,3.8,1.5,3.8,3.8,3.1,3.8,2.8,3.1,5,5,2,4,4,Answers were given but not many examples to support them,Some of the questions could go at length about a topic and instead just hit on a point.,Seemed pretty useless as it always took unreliable sources or just partially.,,,,,,,,,option_3,option_1,option_2,V,Flawed,Good
EC3,A1Y9LKB2Y78U1A,3.8,3.3,3.8,3.2,3.4,3.7,3.3,3.5,3.5,3.3,3.6,3.6,1,2,3,3,3,moderately supported AI,assistant help to some what extent,good knowledge assistant . moderate aware about topic,,,,,,,,,option_2,option_1,option_4,V,Flawed,Good
EC3,A1BQXCT8JW68IP,3.2,3.2,3.9,3.9,3.0,3.6,3.6,3.4,3.6,3.6,3.5,3.6,4,2,3,3,3,well supported,good assitant,most of the topic aware by assistant,,,,,,,,,option_2,option_1,option_3,V,Flawed,Good
EC3,ABELRDZPHS45K,3.2,3.5,3.7,3.2,3.5,3.3,3.5,3.5,3.4,3.4,3.9,3.2,1,2,3,3,4,I think you give some more data about that.,may be avoid some toxic thing for the normal search.,About some fake information.,,,,,,,,,option_1,option_1,option_4,V,Flawed,Good
EC3,A1UJWR5MS1ASQV,2.9,2.5,2.6,2.7,3.0,2.5,2.5,2.9,2.3,2.7,2.8,2.7,3,3,2,3,4,Most of the responses are not satisfied.,They give their best to gave me an answer,I'm not fully trusted assistant's response.,,,,,,,,,option_1,option_1,option_3,V,Flawed,Good
EC4,A1QUN55HKPGNVT,3.0,2.6,3.1,2.9,3.4,3.2,3.1,3.2,3.0,3.1,3.5,2.7,1,2,4,4,4,VERY SUPPORTED,VERY HELPFUL,VERY TRUST,,,,,,,,,option_1,option_2,option_3,T,Flawed,Good
EC4,A2252RDSPB0YYI,4.0,2.8,3.5,3.5,3.3,3.5,3.2,3.3,3.4,3.2,3.3,4.0,4,1,4,3,4,those response made me well being to answe and made me to gove great response,some how managing my assistant  limitation of response and potential based answer,those answer of answer were given based on my knowledge,,,,,,,,,option_1,option_1,option_3,T,Flawed,Good
EC4,ALLVSLUBKPFMR,4.0,2.5,3.1,3.9,3.0,3.0,3.4,3.0,3.6,3.4,3.2,3.2,4,1,4,4,4,Well supported,large extent,Very aware,,,,,,,,,option_3,option_1,option_3,T,Flawed,Good
EC4,ATP0UFAVIANFL,3.5,2.9,3.2,3.2,3.3,2.9,3.2,3.0,3.0,3.1,3.2,2.8,4,1,4,4,2,stalking to the forcible outing of LGBTQ individuals to the disclosure of one's religious practices and movements.,"The “system” provides high-level instructions, the “user” presents queries or prompts, and the “assistant” is the model's response","My initiative, along with my ability to work well under pressure will aid me in this role and help ensure everything runs smoothly.",,,,,,,,,option_3,option_2,option_4,T,Flawed,Good
EC4,ASVRLMDNQBUD9,3.8,3.7,3.0,3.4,4.0,2.4,4.0,3.7,4.0,3.8,3.0,3.1,3,4,3,2,4,"For the most part because it summed up the source material well, and the material is from the internet after all.",Not really because I think it could find the info you were looking for from the sources pretty well. That doesn't feel limited to me.,Because it told what it's confidence levels were. Often 20 or 40 %.,,,,x,,,,,option_2,option_1,option_3,T,Flawed,Good
EC4,A235DXY5FJN0IW,2.9,3.1,2.7,2.8,2.9,3.2,2.9,2.8,3.0,3.0,2.8,3.1,2,1,4,4,4,Most answers provided well rounded answers that are easy to understand.,The disclaimer at the end of each answer helped me realize that they could be provided less info than needed.,it was provided at the end of each answer,,,,,,,,,option_1,option_2,option_3,T,Flawed,Good
EC4,A3Q6YRWUMALT6D,3.6,3.2,2.4,3.2,3.8,1.2,3.7,3.4,3.3,4.0,3.4,3.3,4,1,2,4,4,"Overall, one answer is just that ""one answer"". We should seek out additional information to verify the provided information. In most cases, I think the responses were accurate but I am not enough of an expert to say that is definitely true","Again, the provided answers might just be one viewpoint and there are other view points or other reasons/effects.","Regardless of the assistants confidence, users should independently verify information.",,,,,,x,,,option_2,option_1,option_3,T,Flawed,Good
EC4,A3KLBK6128F8HC,4.0,3.8,2.6,3.6,3.5,2.8,3.5,4.0,3.0,3.8,3.3,4.0,1,2,4,4,4,The assistant demonstrated a good understanding of the questions and provided informative and contextually appropriate answers.,"The assistant helped me realize the potential limitations of the responses to a large extent. While it generally provided accurate and relevant information, there were instances where the assistant might not have access to the most recent data or could misinterpret the context of the question.",The assistant is less certain about the accuracy of the information provided. This awareness is crucial for interpreting and verifying the information obtained from the assistant.,,,,,x,x,,,option_1,option_1,option_3,T,Flawed,Good
EC4,A314XJY8V1YL12,3.9,3.0,2.5,3.5,3.7,2.2,3.7,3.9,3.3,3.8,2.8,3.3,3,3,3,4,4,Most of the answers were clear and backed up with facts to support the answers,The system always mentioned the answers were subjective and gave a percentage for it's confidence. That information is helpful for the users trust in the answer.,It was displayed as the last sentence of the answer and is very useful to know.,,,,,x,,,,option_3,option_2,option_4,T,Flawed,Good
EC4,A1AXQM54WTRGA5,3.8,3.1,3.3,3.6,3.0,3.2,3.1,3.2,3.8,3.5,3.3,3.3,1,2,4,3,4,THE SOURCES ARE VERY USEFUL,BASED ON THE CONTENT,BASED ON THE DETAILS PROVIDED ABOVE,,,,,,,,,option_2,option_1,option_3,T,Flawed,Good
EC4,A3DTG2QEFWI2II,2.6,2.9,3.0,2.7,2.8,2.8,2.9,2.7,3.0,3.1,2.9,2.9,3,1,4,3,4,all supported assistent explain in the nice and informative,i am interesting to the topics then the assistent we the help him.,in the assistent responses in the very clear and nice form the explanation.,,,,,,,,,option_2,option_2,option_3,T,Flawed,Good
EC4,A3RLCGRXA34GC0,3.4,2.4,1.5,2.8,2.8,1.3,2.9,2.7,2.0,3.2,2.4,2.4,4,4,3,4,4,They seemed like ok responses overall.,"They were short and incomplete, often biased because of restrictions in length I assume or poor sources.",It was written underneath in a percentage,,,,,,,,,option_3,option_4,option_3,T,Flawed,Good
EC4,A1778IAJQM9EFI,3.1,3.5,3.0,3.0,1.6,1.6,1.7,2.9,3.7,3.0,3.7,3.6,3,3,3,3,2,it very supported to get a new information.,It slightly help to realize a limitations of responses.,I have some less aware about this responses.,,,,,,,,,option_2,option_1,option_3,T,Flawed,Good
EC4,A2OVX9UW5WANQE,3.9,3.3,3.3,3.5,3.8,1.9,3.8,3.6,2.6,3.7,3.4,3.6,4,4,3,4,4,Some responses cited sources of information.,The responses gave percentages to reflect their potential accuracy.,The responses gave percentages to reflect their potential accuracy.,,,,,,,,,option_3,option_2,option_2,T,Flawed,Good
EC4,AI22IEBJURGB3,3.6,3.3,3.5,3.4,3.2,3.6,3.4,3.0,3.5,3.3,3.3,3.5,4,2,4,3,4,WELL SUPPORTED GOOD KNOWLEDGE,EASLY REALIZE THE TOPIC,BETTER SUPPORT PROVIDED AND EASILY QUICK RESPONSE,,,,,,,,,option_1,option_1,option_3,T,Flawed,Good
EC4,A3A189KXWG4FCC,3.0,4.0,3.0,3.6,3.3,3.2,3.5,3.5,3.3,3.7,3.3,3.4,2,3,4,3,3,those response made me well being to answer and made me to give great response,some how managing my assistant limitation of response and potential based answer,those aware of answer were given based on my knowledge,,,,,,,,,option_1,option_1,option_3,T,Flawed,Good
EC5,A3A39I5MC9H0BB,3.4,3.8,2.7,2.9,3.5,3.1,3.5,3.3,2.8,3.1,3.3,3.2,4,2,4,4,4,"The responses were well-supported because they included relevant information, sources, and context to address the given prompts. The assistant demonstrated a good understanding of the topics and provided comprehensive responses.","The assistant's indications of potential limitations, biases, or instances where the information might be influenced by commercial interests were helpful. This awareness was crucial in understanding the responses in a more critical manner.","The assistant's confidence levels were explicitly mentioned for each response, providing transparency about the certainty of the information provided. This allowed me to gauge the reliability of the responses and consider them accordingly.",,,,,x,x,x,,option_1,option_1,option_3,V,Good,Flawed
EC5,A3PFV1UMF7FJ6S,3.4,3.8,3.4,3.8,2.3,2.4,2.4,3.8,2.4,3.9,3.8,3.8,4,2,4,4,4,it was providing very honest and truthful answers to the given questions,help me to take better decision in all the aspect with positive note,always be aware that assistant providing trustworthy answers,,,,,,,,,option_2,option_2,option_3,V,Good,Flawed
EC5,A1IMLTXT2RBEFO,4.0,4.0,1.2,1.2,2.7,1.2,1.2,3.4,4.0,4.0,1.1,1.2,4,2,3,3,3,"The topic you were discussing. This helps me understand the relevant background and knowledge base for the responses.
Specific examples of the responses you received. Analyzing the actual content provided by the assistant is crucial for assessing its accuracy, depth, and helpfulness.
Your criteria for judging support. Knowing what factors are important to you in terms of a ""well-supported"" response (e.g., factual accuracy, comprehensiveness, actionable advice) ensures I'm evaluating based on your expectations.","The specific responses provided by the assistant: Analyzing the content directly helps me understand if it contained any caveats, disclaimers, or indications of limitations.
Your existing knowledge and expectations: Knowing what you already knew about the topic and what you were hoping to learn from the assistant can help me gauge whether the limitations were adequately communicated.","entative language: Phrases like ""may"" or ""could"" might suggest lower confidence.
Detailed explanations: Extensive elaboration can indicate higher confidence, while brevity might point to uncertainty.
Hedging statements and disclaimers: ""It's important to note"" or ""However, there are other views"" suggest awareness of potential limitations.
Confirmation requests: Asking for your agreement or feedback could imply that the assistant is unsure about its response.",,,,,,,,,option_1,option_2,option_3,V,Good,Flawed
EC5,A1JM5XNB4NCZR6,4.0,3.6,3.5,3.5,4.0,2.0,3.8,3.4,3.7,4.0,3.8,3.9,3,4,4,3,4,Some information provided is beyond everyday life and education.,Three sentences is not enough for some of the questions.,The confidence level seemed low so it was disregarded,,x,,,,,,,option_4,option_1,option_4,V,Good,Flawed
EC5,A2WQJ399KT2Q14,3.2,4.0,3.5,3.1,1.6,2.7,2.6,3.4,2.1,3.4,3.3,3.8,4,1,4,4,4,it was helpful in the way of better understanding,helping in the way with more knowledgeable content,providing accurate answer to the given question,,,,,,,,,option_2,option_2,option_3,V,Good,Flawed
EC5,A2BUDX20KVV83T,3.3,3.0,2.8,3.1,2.6,2.8,2.3,2.9,2.9,2.7,3.2,3.0,4,3,4,4,4,"the responses provided by the assistant were well-supported because they consistently addressed the questions, offering relevant and detailed information. The assistant drew on various sources to provide a comprehensive overview of each topic, demonstrating a good level of understanding and knowledge. The information presented was clear, accurate, and aligned with known facts about the respective topics. Overall, the responses effectively fulfilled the information needs outlined in the questions.","The assistant, while providing valuable information, also made me aware of potential limitations. In some responses, it indicated when the question involved personal, confidential, or sensitive information. This acknowledgment highlighted the assistant's awareness of certain boundaries, privacy concerns, or potential ethical considerations related to specific topics. This helped me understand the constraints within which the assistant operates and the areas where it might not provide detailed information due to the nature of the query","The assistant consistently indicated its confidence level in each response. This feature provided transparency about the reliability of the information and the extent to which the assistant could guarantee accuracy. The confidence indicators were helpful in understanding the context and reliability of the provided information, allowing me to assess the responses with an awareness of the assistant's level of certainty. This transparency contributed to a more informed evaluation of the responses.",,,x,,x,,x,,option_2,option_2,option_3,V,Good,Flawed
EC5,A3GQ8Y96AUWWU,4.0,3.2,3.2,3.7,3.2,3.5,3.1,3.3,3.8,3.7,3.4,3.3,1,1,4,4,4,THE SOURCES IS VERY SUPPORTED.,THE CHART IS USEFUL,BASED ON THE INFORMATION THAT MAKES VERY AWARE,,,,,,,,,option_2,option_2,option_3,V,Good,Flawed
EC5,A1UVGRTH55TZLH,3.6,3.3,3.6,3.2,3.2,3.4,3.0,3.4,3.0,3.0,3.1,3.5,3,2,3,4,3,Think about your work experience. The first step is to contemplate topics you've learned throughout your career.,They make communication less personal one of the significant drawbacks of voice assistants is that they make communication less personal.,I pride myself on being a well-rounded administravtive assistant.,,,,,,,,,option_3,option_2,option_3,V,Good,Flawed
EC5,A1MATT422ZYQQU,2.9,2.5,2.9,3.2,3.3,3.2,3.2,3.2,3.3,2.4,2.8,3.7,1,2,4,3,4,easily understood the concept.,Its help me a lot.,GOOD,,,,,,,,,option_3,option_1,option_4,V,Good,Flawed
EC5,A3B2JN47S8YFGY,2.9,2.5,2.7,3.0,2.8,2.5,2.9,3.1,2.7,2.8,2.7,2.8,3,3,4,3,3,strongly support that because help me to find the right solutions,assistants confidence level was amazing the level push us to make decision,the source can help us to know the potential limits,,,,,,,,,option_2,option_1,option_3,V,Good,Flawed
EC5,A21443WC5ICD29,3.5,3.6,3.6,3.5,3.4,3.6,3.8,3.2,3.5,3.7,3.7,3.3,3,1,4,4,4,AVERAGE INFORMATION PROVIDED BY AI,HIGH DEGREE OF CLEAR CUT INFORMATION GIVEN BY AI,HIGH AWARENESS PROVIDED,,,,,,,,,option_2,option_1,option_3,V,Good,Flawed
EC5,A1J2KT39T9KW6S,3.0,2.7,2.8,3.0,2.4,2.5,2.2,2.9,2.8,3.2,3.2,2.9,1,1,3,3,3,Visual selection responses provide a visual interface for users to choose between multiple options,help you better understand the strengths and weaknesses,we propose a system that estimates self-confidence while solving multiple-choice questions,,,,,,,,,option_3,option_1,option_4,V,Good,Flawed
EC5,A3SAO91VFGYQ5Z,3.2,3.1,3.1,3.0,2.4,2.5,2.1,2.9,1.6,2.6,3.2,3.0,1,1,3,3,4,I have supported because information is very useful.,It is essential information.,It is very confidence information.,,,,,,,,,option_1,option_2,option_3,V,Good,Flawed
EC5,AO2YNYMZU1F7P,3.0,4.0,3.0,4.0,3.0,4.0,3.0,4.0,3.0,4.0,3.0,4.0,1,1,3,3,4,Temporarily relaxing regulatory requirements: The Fed encouraged banks—both the largest banks and community banks—to dip into their regulatory capital and liquidity buffers to increase lending during the pandemic.,Assistants can call OpenAI's models with specific instructions to tune their personality and capabilities. Assistants can access multiple tools in parallel.,"The default value for this threshold is . 8 (80% confidence). Note: For non-English input in a skill, the invocation name of the skill needs to be entered before any other words for the input to be recognized as an explicit invocation.",,,,,,,,,option_3,option_1,option_4,V,Good,Flawed
EC5,A12PR5DPEZ5I3U,2.9,2.6,1.4,1.8,2.6,1.8,2.4,2.7,1.9,2.0,2.0,2.2,1,2,3,4,3,It seems the info was well enough supported.,It's a machine so it's limited by what it was programmed to do. Some responses are also derived from sites that are sponsored and thus influenced by corporations.,"The ion of the assistant's ""confidence"" was prominent.",,,,,,,,x,option_2,option_1,option_2,V,Good,Flawed
EC5,A1OM51NMEYW0S3,4.0,3.7,3.1,3.9,3.5,3.3,4.0,3.8,3.4,3.6,3.6,3.4,4,2,3,3,4,well supported Ai,assistant help good extent,assistant good aware,,,,,,,,,option_2,option_1,option_3,V,Good,Flawed
EC6,A2U7UDW9Y1WGWF,3.7,3.4,2.2,3.0,3.8,1.6,3.2,3.8,2.5,3.5,3.7,3.4,1,2,4,3,4,"The provided responses were reasonably supported, addressing the questions with relevant information and transparency about potential biases or limitations",The assistant effectively highlighted potential limitations by mentioning the possibility of bias and providing confidence levels in the responses.,"The assistant's confidence in the provided responses is indicated, but it varies across different answers and is generally good.",,,,,x,,x,,option_1,option_2,option_3,T,Good,Flawed
EC6,A2IFHU3P1MF54K,4.0,4.0,4.0,4.0,4.0,2.6,4.0,4.0,2.6,4.0,4.0,4.0,4,3,4,4,3,"The provided responses were well-supported. The assistant offered detailed and relevant information in response to the questions, addressing the questions comprehensively.","The assistant explicitly acknowledged potential limitations in several responses, mentioning factors such as bias in the questions. This helped me understand the potential constraints and caveats associated with the information provided.",The awareness of confidence levels of the assistant helped me gauge the reliability of the information provided and understand the system's level of certainty or uncertainty in its responses.,,,,,x,,,,option_2,option_2,option_4,T,Good,Flawed
EC6,A30T090BGM0IMI,2.9,2.4,2.8,3.0,2.5,2.6,2.7,2.5,2.6,2.8,2.5,2.8,4,2,4,3,3,because most of the information were accurate.,because the assistant provided the information which was most of the time limited.,the assistance always aware when providing information.,,,,,,,,,option_2,option_2,option_3,T,Good,Flawed
EC6,A2M59R65OZRNNX,2.9,2.9,2.9,3.0,3.0,3.0,3.0,3.0,3.0,3.0,3.0,3.0,2,2,3,3,3,I enjoyed interacting with the assistant. It was so much fun and very easy to talk with the assistant.,The assistant helped me realize the potential limitations when asking certain questions and talking about certain topics.,I am aware of the assistants responses and think they are good responses.,,,,,x,,,,option_2,option_2,option_3,T,Good,Flawed
EC6,A1F4USCBSMW5FA,4.0,4.0,3.9,3.6,3.4,3.3,3.7,3.8,3.9,3.9,4.0,4.0,4,3,4,4,4,good,well good,good,,,,,,,,,option_3,option_2,option_5,T,Good,Flawed
EC6,A3TSCAPK7VI9L,4.0,4.0,1.3,2.8,3.4,2.8,4.0,3.6,2.5,3.9,3.9,4.0,2,2,4,3,2,"They offered insights into both sides of the issues raised, covered a variety of themes, and included extensive information. Although there may be more detailed information available, the answers were thorough.","The helper provided only mediocre assistance in detecting the responses' possible limitations. It didn't go into great detail about the confidence levels or any flaws in the material supplied, but it did identify probable biases in some of the responses.",There is some doubt regarding the veracity of the information supplied because the assistant did not consistently provide information about confidence levels across all replies.,,,,,,,,,option_1,option_1,option_3,T,Good,Flawed
EC6,A3UFJ3TBCTNCLQ,3.0,3.7,3.4,3.6,3.3,3.4,3.5,3.6,3.4,3.7,3.6,3.4,1,2,3,3,4,"The responses were generally well-supported, providing detailed and accurate information",The assistant effectively highlighted potential limitations and biases in the responses,"Users are aware of the assistant's confidence levels, as it discloses the confidence in each response",,,,,,,,,option_1,option_1,option_3,T,Good,Flawed
EC6,A27QXQ22F9ODSP,3.4,2.4,3.0,3.0,3.4,2.7,3.0,2.9,3.0,2.9,3.0,3.0,2,2,3,4,4,its very useful to understand the query.,good one,its helpful,,,,,,,,,option_3,option_1,option_4,T,Good,Flawed
EC6,A3PQG0QAALNXCA,3.2,3.2,3.2,3.2,3.2,3.2,3.2,3.1,3.1,3.1,3.1,3.1,4,1,4,4,3,"In the context of each question or statement, the system expressed a degree of confidence in the accuracy of its responses. The term ""well supported"" indicates a moderate to high level of confidence in the information's correctness, but it doesn't imply absolute certainty.","The responses provided by the assistant often included a mention of the confidence level associated with the information. his practice helps users understand the potential limitations of the responses and encourages them to exercise critical thinking, especially in situations where the information may be more complex or subject to interpretation.","The confidence levels, expressed as percentages (e.g., 20%, 40%), provide an indication of the system's estimate of the accuracy or reliability of the information being presented.",,,,,x,x,,,option_2,option_2,option_3,T,Good,Flawed
EC6,AIQM86IRETAJN,2.5,2.6,2.8,2.6,2.6,2.5,2.7,2.6,2.9,2.3,2.7,2.7,2,2,3,3,3,The answers were straightforward and the assistant did an okay job at providing quality information.,There were quite a bit of limitations I've noticed while reading the articles.,"I think the assistant showed much confidence through the answers provided, but there were a few crucial things missing.",,,,,,,,,option_2,option_4,option_2,T,Good,Flawed
EC6,A1BFWNASS8EOJY,3.2,3.5,3.6,3.3,2.5,2.7,3.2,3.4,3.3,3.6,3.5,3.7,2,2,3,4,3,Those response made me well being answer and made me to give response.,Some how managing my assistant limitation of response and potential based answer.,Those aware of answer were given based on my knowledge.,,,,,,,,,option_2,option_1,option_3,T,Good,Flawed
EC6,A1NHTBY5YB9JH7,4.0,3.1,2.1,3.1,3.7,2.0,3.4,3.5,2.3,4.0,2.7,2.9,1,1,3,3,3,"A lot of the answers used good facts to support the response, which was good.","There didn't seem to be a lot of consistency in the quality of the answers. Some seemed very good, while others were lacking in their strength.","At the end of each answer, it provided a confidence level in the answer.",X,,,,,,,,option_3,option_1,option_3,T,Good,Flawed
EC6,AY5CJ1E2O0SYI,3.2,3.2,3.3,3.6,3.4,3.3,3.4,3.8,3.5,3.2,3.8,3.4,4,2,3,3,4,to moderately supported AI,to some extent,much aware about the topic,,,,,,,,,option_2,option_1,option_3,T,Good,Flawed
EC6,A32ESQUQMWOOQ4,4.0,3.1,3.8,3.5,3.4,3.4,3.4,3.3,3.5,3.4,3.8,3.2,1,2,4,3,4,moderately supported ai,assistant help to some what extent,good knowledge assistant,,,,,,,,,option_2,option_1,option_4,T,Good,Flawed
EC6,A8C3WNWRBWUXO,3.7,3.4,1.9,2.9,3.7,1.8,2.5,3.5,3.5,3.6,2.8,2.9,3,3,1,3,4,There was no talk or citation of sources.,"There was mention, at the end, or potential bias.",A percentage of confidence was shown after every response.,no source found even though it is provided,,,,,,,,option_3,option_1,option_2,T,Good,Flawed
EC6,AUOYNTK0GOFOM,3.7,3.3,2.3,3.0,3.3,2.2,3.9,3.7,3.3,3.2,2.7,2.8,4,3,3,4,4,I thought mostly the answers addressed the questions but some were so short and basic that they wouldn't satisfy the end-user.,I think seeing the results illustrated these responses are a bit meager.,The level of confidence in the answer was listed each time- with a specific percentage of the confidence they had in the answer.,,,,,,,,,option_3,option_4,option_3,T,Good,Flawed
EC7,A31IJKXHV4ARTZ,2.7,2.8,3.2,2.7,2.5,2.8,2.8,2.7,2.4,2.9,3.0,2.6,2,2,3,3,2,none,none,none,,,,,,,,,option_2,option_1,option_3,V,Flawed,Flawed
EC7,A1755PNPHWCMWX,3.5,3.3,3.6,3.8,3.5,3.7,3.7,3.4,3.5,3.8,3.4,3.3,4,2,3,3,3,really supported,helpful assistant,assistant aware all topic,,,,,,,,,option_2,option_1,option_3,V,Flawed,Flawed
EC7,A1SMWIBTQ2AESU,3.5,3.4,3.0,3.2,3.3,2.9,3.3,3.8,3.6,3.8,3.2,3.7,2,2,4,4,4,IT GIVES ALMOST ALL THE DETAILS ABOUT THE TOPIC.,YES IT IS MOST,THE ASSISTANT'S CONFIDENCE IN THE PROVIDED RESPONSES IS OK,,,,,,,,,option_1,option_2,option_3,V,Flawed,Flawed
EC7,A3GWRDHAURRNK6,3.9,3.5,2.1,2.6,4.0,2.3,3.9,3.2,2.9,4.0,3.2,3.5,2,2,3,3,4,Some of the answers mentioned studies or data while others did not.,"Well the questions themselves were fairly broad, so to answer them thoroughly would take a lot of space. That being said, there were some that I felt could have used more detail and more balance.",It was listed under each answer so it was easy to spot.,no source found even though it is provided,,,,,,,,option_3,option_1,option_3,V,Flawed,Flawed
EC7,A2CXKGZKTD6XNH,3.5,3.7,3.5,3.6,3.5,2.6,3.6,3.3,3.1,3.4,3.5,3.5,4,4,4,2,4,"The provided responses were well supported because they consistently addressed the questions with relevant and informative content. The assistant provided detailed and accurate information on each topic, demonstrating a high level of understanding and knowledge across various subjects. Additionally, the responses were fluently written and free from inconsistencies, enhancing their overall support and reliability.","The assistant demonstrated a good level of confidence in its responses, and the information provided seemed reliable. However, it did not explicitly mention potential limitations or uncertainties in the responses. Acknowledging potential limitations or uncertainties would have provided a more comprehensive and balanced perspective, enhancing the user's awareness of the nuances in the information presented.","Very aware

The assistant explicitly mentioned its confidence level in each response, indicating whether it had high or moderate confidence. This transparency about the confidence level helps users assess the reliability of the information provided and provides valuable context for understanding the assistant's certainty about the given answers.",,,,,,,,,option_1,option_4,option_3,V,Flawed,Flawed
EC7,A1IEXVEKLDE2QQ,3.0,2.6,3.1,3.3,3.2,3.1,3.0,3.3,3.3,3.0,2.8,2.7,4,1,3,3,2,source is very helpful to answer the query.,its good,very clear and understand,,,,,,,,,option_2,option_1,option_4,V,Flawed,Flawed
EC7,A3KF6O09H04SP7,3.9,3.7,2.4,2.5,3.9,1.7,3.8,3.5,3.1,3.0,3.2,3.5,1,1,3,4,3,"There were several explanations that included statistics and/or cited their sources.  I mentioned in a few of my written responses that I would have liked these to be present in all of the answers though.  It was a mixed bag, with some answers containing these sources and others not mentioning where the information came from.  For highly subjective questions, it would have been especially helpful to know where the information was coming from.","I did quickly acknowledge that the answers needed to be more of a short overview.  An answer that is too long or detailed may result in the asker becoming overwhelmed or bored.  I also realized that some questions, like those related to opinions or medical information, needed to be handled with care to avoid any bias or potential real world issues.  These are questions that I think conversational AI needs to tackle in general as there are some moral and ethical implications to the way they may answer.","I appreciated the symbol showing the confidence of the AI's response, but it seemed a bit abstract.  I would have preferred a simple percentage confidence to the symbol that resembles a wifi connection symbol.  I think that would have been more helpful and precise.",,,,,,,,x,option_2,option_1,option_3,V,Flawed,Flawed
EC7,A436DJF5TJ5V4,4.0,3.0,2.6,2.7,3.3,3.6,3.3,3.1,3.1,3.2,2.8,3.1,4,1,4,4,3,GOOD,NICE,WELL FINE,,,,,,,,,option_3,option_1,option_3,V,Flawed,Flawed
EC7,AU4PTX44URN8D,3.2,3.8,3.7,3.4,2.6,2.8,2.3,3.2,2.9,3.7,3.6,3.4,3,2,4,4,4,it was more reasonable answers to the given questions,providing accurate answers to the given questions it helps to make good decision,very aware about the assistants accuracy to every questions by providing truthful answer,,,,,,,,,option_2,option_2,option_3,V,Flawed,Flawed
EC7,AQ4UMWOUSOTB7,3.1,3.0,2.6,3.0,2.1,3.0,2.0,2.9,2.8,3.8,2.9,2.9,2,2,3,4,3,"Working with different clients, I have learned how to work with different communication styles, business goals, and management methods.","potential benefits of AI in learning, including personalization and efficiency, as well as the potential drawbacks",interacting with digital assistants are primarily interested in achieving their goals,,,,,,,,,option_3,option_2,option_4,V,Flawed,Flawed
EC7,A2SR6MOQX7KZM5,2.6,2.7,3.3,3.6,2.9,2.7,2.8,3.0,3.4,3.2,2.5,3.2,1,1,4,4,4,Good,This response is over all good,Confidence is good way,,,,,,,,,option_3,option_2,option_4,V,Flawed,Flawed
EC7,AL42QQ0WUTNJY,3.3,3.4,3.4,3.2,3.4,2.9,3.5,3.4,3.0,3.3,3.7,3.4,4,3,4,1,4,"The provided responses were well supported because they consistently addressed the questions with relevant and informative content. The assistant provided detailed and accurate information on each topic, demonstrating a high level of understanding and knowledge across various subjects. Additionally, the responses were fluently written and free from inconsistencies, enhancing their overall support and reliability.","The assistant demonstrated a good level of confidence in its responses, and the information provided seemed reliable. However, it did not explicitly mention potential limitations or uncertainties in the responses. Acknowledging potential limitations or uncertainties would have provided a more comprehensive and balanced perspective, enhancing the user's awareness of the nuances in the information presented.","The assistant explicitly mentioned its confidence level in each response, indicating whether it had high or moderate confidence. This transparency about the confidence level helps users assess the reliability of the information provided and provides valuable context for understanding the assistant's certainty about the given answers.",no limitation found even though it is provided,,,,x,,x,,option_1,option_2,option_3,V,Flawed,Flawed
EC7,AVWU9JDY5G81E,3.0,3.2,2.7,2.1,3.0,1.1,3.2,3.4,3.1,3.2,2.3,2.6,5,5,2,4,3,"it has the word sources, but it doesnt name the sources so you could factcheck",the assistant does say the source could be from an ad or biased,it does show you whether the assistant trust the source from the ratings bar,no source found even though it is provided,,,,,,,,option_3,option_2,option_2,V,Flawed,Flawed
EC7,AFET5KYTUA4TY,3.1,2.5,3.3,3.8,3.2,2.5,2.8,3.3,3.6,3.5,3.6,3.8,3,4,4,3,4,"Yes, the assistant interacting the information is very well.",The extent is information is good,"The access to a confidence score provided by the system, which reflects the model's estimate of the accuracy and reliability of its responses.",,,,,,,,,option_2,option_2,option_3,V,Flawed,Flawed
EC7,ANAQTUNEKN,3.3,3.4,3.7,3.9,3.6,3.4,3.5,3.9,3.5,3.8,3.7,3.3,4,1,3,3,3,moderately supported,some extent,moderately aware,,,,,,,,,option_2,option_1,option_3,V,Flawed,Flawed
EC7,A32CMQGGTSUK6Z,3.7,2.7,1.7,2.0,3.2,1.5,3.6,2.9,2.5,2.8,2.3,2.0,3,3,1,3,2,It didn't seem to really try to support any facts that said whether they were completely on point or not it just stated them. I don't necessarily have a problem with that with most of these queries because they are based off very novice questions and I think the appropriate response for my bot is to not get too bogged down and how long the answer is. If the user wants to verify and look up claims that makes it needs to put in an extra leg work.,You can tell in a lot of these responses that the bot is hamstrung badly from bias through its inputs. It makes a lot of controversial questions completely and utterly worthless to ask.,I'm pretty neutral on this. It says everything very matter-of-factly but I would say in a human sounding way. I never really felt overconfidence or too much shakiness from reading the responses.,,,,,,,,,option_2,option_1,option_3,V,Flawed,Flawed
EC8,A25CRYCU7YUITQ,3.7,3.4,3.2,3.4,3.3,3.4,3.3,3.2,3.2,3.5,3.4,3.1,1,1,4,4,4,"the responses well-supported, providing relevant information",the assistant made me aware of potential limitations by acknowledging providing information on system confidence,i'm aware of the assistant's confidence level as it explicity mentions the influence of commercial interests and provides informaton on system confidence,,,,,,,,,option_4,option_1,option_4,T,Flawed,Flawed
EC8,A2Q1YS118AO2BP,3.5,3.4,3.5,3.1,2.6,3.4,3.0,2.7,3.1,3.4,3.4,3.5,2,2,4,4,4,very supported.,"There are rate limits and potential pricing considerations based on usage volume, but planning ahead can help manage them effectively. Cleaning .",It contains lot of awarness.,,,,,,,,,option_2,option_2,option_3,T,Flawed,Flawed
EC8,A2FIB6PJFHPSGD,3.7,3.4,3.3,3.7,3.6,3.3,3.6,3.7,3.5,3.2,3.6,3.4,3,1,4,3,4,AI PROVIDE CLEAR CUT INFORMATION,GIVEN CLEAR INSTRUCTION BY AI DO KNOW THE LIMITATIONS,HIGH LEVEL OF ACCURACY GIVEN BY AI,,,,,,,,,option_2,option_1,option_3,T,Flawed,Flawed
EC8,AJE69B5L97YTA,3.5,3.9,3.4,3.1,3.6,3.3,3.5,3.3,3.6,3.3,3.8,3.8,4,1,4,4,4,its very usefull,"There are rate limits and potential pricing considerations based on usage volume, but planning ahead can help manage them effectively.",This question tests your knowledge of the key duties and responsibilities of the position,,,,,,,,,option_2,option_2,option_4,T,Flawed,Flawed
EC8,A13J80VL8PZNLO,3.2,3.1,3.2,3.2,3.0,3.2,2.9,3.0,3.1,3.1,2.8,3.0,1,1,4,3,4,"I strive to provide well-supported and informative responses based on the information I have access to. However, the ""well supported"" vs ""not supported"" options are quite broad for evaluating my responses within the context of our previous interaction.","Overall, the assistant provided valuable information and helped me identify some potential limitations through its transparency and source awareness. However, there's always room for improvement in how limitations are communicated, particularly regarding nuance and broader contextual considerations.","I am very aware of the assistant's confidence in the provided responses. In fact, I have access to its confidence scores for each response generated in our previous interaction. I can also take these scores into account when answering your questions about the responses.

For example, if you wanted to know more about a specific response with a high confidence score, I could provide you with more details and supporting evidence. Or, if you were curious about a response with a lower confidence score, I could highlight the limitations of the information or point you to additional resources for further exploration.",,,,,,,x,,option_1,option_1,option_3,T,Flawed,Flawed
EC8,A2FK6782M09EBO,3.5,3.6,1.5,1.3,3.6,3.3,3.3,3.3,3.1,3.5,3.7,3.7,1,2,4,3,4,"Basic facts, thin analysis, missing depth and alternative angles.","interesting answers, biased viewpoints, need for deeper exploration.","Trustworthy sources, valuable nuggets, but lacks critical analysis.",,,,,,,,,option_1,option_2,option_3,T,Flawed,Flawed
EC8,A1TRCGTBFJO7UQ,3.3,2.1,3.4,3.0,3.2,3.3,3.1,2.9,2.8,3.1,3.3,3.1,4,1,3,4,3,na,na,na,,,,,,,,,option_2,option_1,option_4,T,Flawed,Flawed
EC8,A2XUZNHEBTVDVQ,3.2,3.3,3.1,3.2,2.5,3.6,2.9,3.4,2.6,3.5,2.6,3.1,4,2,4,3,4,GOOD TO UNDERSTAND,,AN,,,,,,,,,option_2,option_1,option_4,T,Flawed,Flawed
EC8,A3AU8TFWO19D3G,2.4,2.8,3.4,2.9,2.9,3.2,2.8,3.7,2.4,3.3,3.0,3.4,4,2,4,4,4,well supported,to a large extent,very aware,,,,,,,,,option_4,option_1,option_3,T,Flawed,Flawed
EC8,A3H3Z5V2V1461R,3.1,2.1,2.9,2.4,2.5,2.7,2.5,2.7,2.6,2.5,2.6,2.4,2,2,3,2,3,yes this confidence to helpful understand to this response,the assistant help you realize to understand,the level of usefulness to helpful,,,,,,,,,option_2,option_1,option_3,T,Flawed,Flawed
EC8,A20RX9937WUAEV,3.4,3.3,3.7,3.9,3.6,3.4,3.7,3.5,3.5,3.4,3.2,3.3,1,2,3,3,4,AI moderately supported,good knowledge. Assistant some what extent supports the topic,much aware about the topics,,,,,,,,,option_2,option_1,option_3,T,Flawed,Flawed
EC8,A1X6CJ1SZU6QV7,4.0,4.0,3.1,3.7,4.0,1.0,4.0,4.0,2.2,4.0,4.0,4.0,1,1,4,4,4,"The responses were directly related to the queries posed, addressing the main topic or subject of each question.The responses offered detailed insights, providing multi-faceted perspectives and expanding on various aspects of the topics.","Throughout the interaction, the assistant occasionally highlighted potential limitations, such as biases, incomplete information, or the influence of commercial interests on certain responses. This awareness contributes to a more critical understanding of the information provided.","I'm aware of the assistant's confidence in the provided responses because it was explicitly mentioned at various points in the conversation. The assistant frequently indicated its confidence levels, ranging from 80% to 100%, alongside certain responses. This information was provided as a transparency measure to indicate the system's level of certainty regarding the accuracy or relevance of the information shared.",,,,x,x,x,x,,option_1,option_1,option_3,T,Flawed,Flawed
EC8,A3S99BVVK2KGBP,3.4,3.3,2.7,2.7,3.4,3.2,2.8,2.9,3.2,3.2,2.7,3.2,3,2,4,4,4,"The provided responses were well-supported because the assistant provided relevant and accurate information in response to the given questions. The information was coherent, detailed, and aligned with the topics presented, demonstrating a good understanding of the subjects. Additionally, the assistant appropriately acknowledged potential biases or influences in some responses, contributing to transparency. Overall, the responses effectively addressed the questions and provided valuable insights.","The assistant explicitly mentioned potential limitations in several responses, acknowledging the influence of commercial interest, promotion of specific products or brands, and bias in certain answers. This transparency from the assistant helped me understand the potential biases or external influences that might affect the objectivity of the responses. This awareness of limitations enhances the user's critical evaluation of the information provided and promotes a more informed interaction with the assistant.","The assistant consistently included information about its confidence level in the provided responses, mentioning percentages in each case. This practice made me explicitly aware of the system's confidence in the accuracy of the information it provided. This transparency helps users gauge the reliability of the responses and encourages a more informed interpretation of the information presented by the assistant.",,,,x,x,,x,,option_1,option_2,option_3,T,Flawed,Flawed
EC8,AAUE4IKTZSXNW,3.3,3.0,3.9,3.5,3.5,3.7,3.5,3.7,4.0,3.3,3.8,3.2,1,2,3,3,3,well supported AI,yes assistant help me as much as i needed,normal awareness having about topic,,,,,,,,,option_2,option_1,option_3,T,Flawed,Flawed
EC8,A1G34EE9FIBKPF,3.1,3.1,3.8,3.6,3.5,3.6,3.4,3.5,3.4,3.6,3.9,3.2,1,2,4,3,3,they well knowledge and support to answer,nice assistant to help,much aware about topic,,,,,,,,,option_2,option_1,option_3,T,Flawed,Flawed
EC8,AIER7TDZ43BBN,3.3,3.3,3.3,3.0,3.1,3.4,3.0,2.9,2.6,3.1,3.3,3.3,2,2,3,3,2,BEACASE THESE ARE SUPPORTED FOR PEOPLES,THESE ALSO SUPPORTED FOR PEOPLES AND ALSO GOVERNMENT TAKEN THE STRONG STEP FOR PEOPLE,THE FOCUS AWARE FULLY NOT REACH TO SOMEONE,,,,,,,,,option_2,option_2,option_3,T,Flawed,Flawed
EC9,ABNTQ9OXGOJP0,3.8,3.0,2.8,2.9,3.3,3.2,2.8,3.0,3.8,3.2,3.2,3.6,1,2,4,4,4,Feel free to ask any questions or provide specific aspects you'd like to know more about regarding your experience interacting with the assistant.,It's important for users to critically evaluate information and consult multiple sources when necessary,"responses based on patterns learned during training, and while I strive to provide accurate information",,,,,,,,,option_1,option_1,option_3,None,Good,None
EC9,AD9QQRANGJBO1,3.1,2.0,3.1,2.4,3.0,3.0,2.9,2.1,2.9,2.3,3.0,3.4,1,1,3,3,4,i think is good response tp the content.,i think it will be an up to data,It aware from some this content is very useful,,,,,,,,,option_2,option_1,option_3,None,Good,None
EC9,A14W0AXTJ3R19V,3.8,3.7,3.8,3.4,3.9,1.4,3.7,3.8,3.6,3.8,3.7,3.8,4,3,4,3,3,There was good detail for most reponses and they seemed to be accurate.,I think some responses could have been more well-rounded but there arent many clear limiations.,I'm not sure how I could judge the confidence of the assistant.,,,,,,,,,option_2,option_2,option_3,None,Good,None
EC9,A27WATAOUI3MCO,4.0,4.0,4.0,1.3,3.1,1.3,1.6,3.7,3.7,3.4,3.7,4.0,1,2,4,4,4,The assistant's response is about the subject of the question.,The response covers every aspect of the question,The response is free of bias and is fluently written,,,,,,,,,option_1,option_2,option_4,None,Good,None
EC9,ASJBQLMRXHQCR,3.0,2.5,2.3,3.0,2.9,2.9,2.6,2.8,2.7,2.6,2.7,2.5,2,3,4,3,4,the source can help us to know the potential limits,assistants confidence level was amazing the level push us to make decision,strongly support that because help me to find the right solutions,,,,,,,,,option_2,option_1,option_4,None,Good,None
EC9,A1DAGG7YDAD95U,3.6,3.2,3.7,3.6,3.4,3.4,3.5,3.6,3.6,3.5,3.2,3.7,4,2,3,4,3,The provide information supported a lot,The assistant helps me a lot,the assistant's somewhat aware about the topic,,,,,,,,,option_2,option_1,option_3,None,Good,None
EC9,A3HSA4XVW7TNW7,3.8,3.2,2.6,2.9,3.1,3.3,3.0,2.8,3.4,2.9,3.2,3.3,1,2,4,4,4,The responses were generally well-supported with information and context relevant to the questions. The assistant provided detailed explanations and incorporated various perspectives on the given topics.,"The assistant made it clear when information might be influenced by commercial interests or when the question involved personal, confidential, or sensitive information. This helped in recognizing potential biases or limitations in the responses.",The assistant consistently indicated its confidence level in the responses. This information was readily available and helped in gauging the reliability of the provided information.,,,,,,,,,option_1,option_1,option_3,None,Good,None
EC9,AZTT0U7FROQL,3.9,3.1,3.8,3.2,3.7,3.5,3.5,3.3,3.8,3.3,3.5,3.6,1,2,4,3,3,moderately supported AI,assistant help to some what extent,good knowledge assistant . moderate aware about topic,,,,,,,,,option_2,option_1,option_4,None,Good,None
EC9,AD89NE1B58XT6,4.0,3.0,3.9,3.1,3.9,3.1,3.9,3.2,3.8,3.2,3.8,3.2,1,1,4,4,4,very well,good,nice,,,,,,,,,option_4,option_2,option_4,None,Good,None
EC9,A3OZHKAI24FEIE,3.6,3.4,3.6,3.7,3.4,3.2,3.6,3.8,3.3,3.5,3.9,4.0,5,2,4,3,3,The provided responses were consistently supported across various evaluation of statement. overall the level of support for the provider was high.,"The assistant's responses provided valuable information and insights on the respective topics, but it's essential to acknowledge potential limitations.",I was aware of the assistant's confidence to the provided responses.,,,,,,,,,option_3,option_2,option_3,None,Good,None
EC9,A29P011QEF23G8,3.2,3.2,3.2,3.2,3.2,2.8,3.0,3.1,2.8,3.1,3.0,2.9,4,2,4,3,4,all information very informative,may be this all information are correct because all are beliavable,this makes people aware,,,,,,,,,option_2,option_1,option_3,None,Good,None
EC9,A31ISFT3JWKLJR,3.7,3.2,3.4,3.9,3.6,3.6,3.5,3.6,3.5,3.6,3.6,3.1,1,2,4,3,3,well supported,AI help to some what extent,much aware  about topic,,,,,,,,,option_2,option_1,option_3,None,Good,None
EC9,A1GKEEI844CEKI,3.9,3.8,3.6,3.8,3.6,2.8,3.9,3.6,2.9,3.8,3.8,3.5,4,4,4,4,1,I think it was and very detailed.,I could see that but not really something that would need to be adjusted.,Not sure I got this at all.,,,,,,,,,option_3,option_1,option_5,None,Good,None
EC9,A2YC6PEMIRSOAA,3.2,3.0,1.6,2.7,2.9,2.8,3.0,2.9,2.9,3.0,3.0,3.0,4,3,3,2,2,In most case there was a very general answer to the question.,"It made me feel there was much more to know, and limited info by the assistant was provided.",Confidence was only very general.,,,,,,,,,option_2,option_4,option_2,None,Good,None
EC9,A6GM2JRUD9WC3,4.0,3.4,3.7,3.7,3.9,3.0,4.0,4.0,4.0,3.9,3.7,3.9,1,1,4,4,4,The provided responses are related and well supported.,Yeah the assistant help me realize the potential limitations of the responses.,The assistant's confidence in the provided responses is very aware.,,,,,,,,,option_2,option_2,option_4,None,Good,None
EC9,ARMNBJQQTC3MN,3.3,3.6,3.2,3.4,3.5,3.2,3.0,3.3,3.2,3.5,3.6,3.5,4,1,4,4,4,short questionnaire to learn about the familiarity with conversational assistants,"The “system” provides high-level instructions, the “user” presents queries or prompts, and the “assistant” is the model's response",very aware of the assistant's confidence in the provided responses,,,,,,,,,option_3,option_1,option_4,None,Good,None